[{"title":"pqdbvi","start":"2017-07-01 06:00:00","type":"rdv","end":"2017-07-01 07:00:00","color":"rgb(255,0,0)"},{"title":"zbnpio","start":"2017-06-29 10:00:00","type":"rdv","color":"rgb(61,133,198)","end":"2017-06-29 11:00:00"},{"title":"abmvibpepi","start":"2017-07-01 08:30:00","type":"rdv","color":"rgb(159,197,232)","end":"2017-07-01 09:30:00"},{"title":"bpipiz","start":"2017-06-30 07:00:00","type":"rdv","color":"rgb(159,197,232)","end":"2017-06-30 08:00:00"},{"title":"znpbn","start":"2017-06-28 07:00:00","type":"rdv","color":"rgb(255,0,255)","end":"2017-06-28 10:00:00"},{"title":"zlkesbf","start":"2017-06-30 15:30:00","type":"rdv"},{"title":"lqidsfbkn","start":"2017-06-29 13:30:00","type":"rdv"},{"title":"poqdfn","start":"2017-06-29 16:00:00","type":"rdv"},{"title":"ef","start":"2017-06-29 15:00:00","type":"rdv"},{"title":"eg","start":"2017-06-29 07:30:00","type":"rdv"},{"title":"evzev","start":"2017-06-30 09:00:00","type":"rdv","color":"rgb(61,133,198)","end":"2017-06-30 10:00:00"},{"title":"srgf","start":"2017-07-01 12:00:00","type":"rdv","color":"rgb(255,229,153)","end":"2017-07-01 13:00:00"},{"title":";jk:vb","start":"2017-07-02 12:00:00","type":"rdv","color":"rgb(255,255,255)","end":"2017-07-02 13:00:00"},{"title":"faire caca","start":"2017-07-02 10:30:00","type":"rdv","color":"rgb(255,0,0)","end":"2017-07-02 20:30:00"}]