﻿<?xml version="1.0" encoding="utf-8" ?>
<Package xmlns="http://schemas.myconstellation.io/Constellation/1.8/PackageManifest"
         Name="TheBrain"
         Version="1.1"
         Author="simon cordier"
         URL="http://www.mywebsite.com"
         Description="Control your home with a request(string)"
         EnableControlHub="false">
  <Compatibility constellationVersion="1.8" dotNetTargetPlatform="net45">
    <Platforms>
      <Platform id="Win32NT" isCompliant="true" />
      <Platform id="Unix" isCompliant="true" />
    </Platforms>
  </Compatibility>
  <Settings>
    <!-- Settings here -->
  </Settings>
</Package>