<?xml version="1.0"?>
<doc>
    <assembly>
        <name>Brain</name>
    </assembly>
    <members>
        <member name="T:Brain.MyConstellation">
            <summary>
            Represents your Constellation
            </summary>
        </member>
        <member name="T:Brain.MyConstellation.Sentinels">
            <summary>
            Specifies the sentinels in your Constellation
            </summary>
        </member>
        <member name="F:Brain.MyConstellation.Sentinels.LAPTOP_OB16JBC9">
            <summary>
            Sentinel 'LAPTOP-OB16JBC9'
            </summary>
        </member>
        <member name="F:Brain.MyConstellation.Sentinels.LAPTOP_OB16JBC9_UI">
            <summary>
            Sentinel 'LAPTOP-OB16JBC9_UI'
            </summary>
        </member>
        <member name="T:Brain.MyConstellation.PackageInstances">
            <summary>
            Specifies the package's instances in your Constellation
            </summary>
        </member>
        <member name="F:Brain.MyConstellation.PackageInstances.LAPTOP_OB16JBC9_ApiAI">
            <summary>
            Package 'ApiAI' on 'LAPTOP-OB16JBC9'
            </summary>
        </member>
        <member name="F:Brain.MyConstellation.PackageInstances.LAPTOP_OB16JBC9_UI_Hue">
            <summary>
            Package 'Hue' on 'LAPTOP-OB16JBC9_UI'
            </summary>
        </member>
        <member name="F:Brain.MyConstellation.PackageInstances.LAPTOP_OB16JBC9_UI_WindowsControl">
            <summary>
            Package 'WindowsControl' on 'LAPTOP-OB16JBC9_UI'
            </summary>
        </member>
        <member name="T:Brain.MyConstellation.Packages">
            <summary>
            Specifies the packages in your Constellation
            </summary>
        </member>
        <member name="F:Brain.MyConstellation.Packages.ApiAI">
            <summary>
            Package 'ApiAI'
            </summary>
        </member>
        <member name="F:Brain.MyConstellation.Packages.Hue">
            <summary>
            Package 'Hue'
            </summary>
        </member>
        <member name="F:Brain.MyConstellation.Packages.WindowsControl">
            <summary>
            Package 'WindowsControl'
            </summary>
        </member>
        <member name="M:Brain.MyConstellation.CreateScope(Brain.MyConstellation.Sentinels)">
            <summary>
            Creates the message scope to the specified sentinel.
            </summary>
            <param name="sentinel">The sentinel.</param>
            <returns>MessageScope</returns>
        </member>
        <member name="M:Brain.MyConstellation.CreateScope(Brain.MyConstellation.PackageInstances)">
            <summary>
            Creates the message scope to the specified package's instance.
            </summary>
            <param name="package">The package's instance.</param>
            <returns>MessageScope</returns>
        </member>
        <member name="M:Brain.MyConstellation.CreateScope(Brain.MyConstellation.Packages)">
            <summary>
            Creates the message scope to the specified package.
            </summary>
            <param name="package">The package.</param>
            <returns>MessageScope</returns>
        </member>
        <member name="T:Brain.RealNameAttribute">
            <summary>
            Specifies the real name of an enum value.
            </summary>
            <seealso cref="T:System.Attribute" />
        </member>
        <member name="P:Brain.RealNameAttribute.RealName">
            <summary>
            Gets or sets the real name.
            </summary>
            <value>
            The real name.
            </value>
        </member>
        <member name="M:Brain.RealNameAttribute.#ctor(System.String)">
            <summary>
            Initializes a new instance of the <see cref="T:Brain.RealNameAttribute"/> class.
            </summary>
            <param name="realname">The real name.</param>
        </member>
        <member name="M:Brain.RealNameAttribute.GetRealName``1(``0)">
            <summary>
            Gets the real name of an enum value.
            </summary>
            <typeparam name="TEnum">The type of the enum.</typeparam>
            <param name="value">The enum value.</param>
            <returns>The real name.</returns>
        </member>
        <member name="T:Brain.RealNameExtension">
            <summary>
            Provides extension methods to get the real name of a Sentinel, Package or PackageInstance.
            </summary>
        </member>
        <member name="M:Brain.RealNameExtension.GetRealName(Brain.MyConstellation.Sentinels)">
            <summary>
            Gets the real name of a Sentinel.
            </summary>
            <param name="sentinel">The Sentinel.</param>
            <returns>The real name.</returns>
        </member>
        <member name="M:Brain.RealNameExtension.GetRealName(Brain.MyConstellation.Packages)">
            <summary>
            Gets the real name of a Package.
            </summary>
            <param name="package">The Package.</param>
            <returns>The real name.</returns>
        </member>
        <member name="M:Brain.RealNameExtension.GetRealName(Brain.MyConstellation.PackageInstances)">
            <summary>
            Gets the real name of a Package's instance.
            </summary>
            <param name="package">The Package's instance.</param>
            <returns>The real name.</returns>
        </member>
        <member name="T:Brain.ApiAI.MessageCallbacks.AIResponse">
            <summary>
            Type 'AIResponse'
            </summary>
        </member>
        <member name="P:Brain.ApiAI.MessageCallbacks.AIResponse.Id">
            <summary>
            The Id.
            </summary>
        </member>
        <member name="P:Brain.ApiAI.MessageCallbacks.AIResponse.Timestamp">
            <summary>
            The Timestamp.
            </summary>
        </member>
        <member name="P:Brain.ApiAI.MessageCallbacks.AIResponse.Result">
            <summary>
            The Result.
            </summary>
        </member>
        <member name="P:Brain.ApiAI.MessageCallbacks.AIResponse.Status">
            <summary>
            The Status.
            </summary>
        </member>
        <member name="P:Brain.ApiAI.MessageCallbacks.AIResponse.SessionId">
            <summary>
            The SessionId.
            </summary>
        </member>
        <member name="P:Brain.ApiAI.MessageCallbacks.AIResponse.IsError">
            <summary>
            The IsError.
            </summary>
        </member>
        <member name="T:Brain.ApiAI.MessageCallbacks.Result">
            <summary>
            Type 'Result'
            </summary>
        </member>
        <member name="P:Brain.ApiAI.MessageCallbacks.Result.ActionIncomplete">
            <summary>
            The ActionIncomplete.
            </summary>
        </member>
        <member name="P:Brain.ApiAI.MessageCallbacks.Result.Action">
            <summary>
            The Action.
            </summary>
        </member>
        <member name="P:Brain.ApiAI.MessageCallbacks.Result.Parameters">
            <summary>
            The Parameters.
            </summary>
        </member>
        <member name="P:Brain.ApiAI.MessageCallbacks.Result.Contexts">
            <summary>
            The Contexts.
            </summary>
        </member>
        <member name="P:Brain.ApiAI.MessageCallbacks.Result.Metadata">
            <summary>
            The Metadata.
            </summary>
        </member>
        <member name="P:Brain.ApiAI.MessageCallbacks.Result.ResolvedQuery">
            <summary>
            The ResolvedQuery.
            </summary>
        </member>
        <member name="P:Brain.ApiAI.MessageCallbacks.Result.Fulfillment">
            <summary>
            The Fulfillment.
            </summary>
        </member>
        <member name="P:Brain.ApiAI.MessageCallbacks.Result.Source">
            <summary>
            The Source.
            </summary>
        </member>
        <member name="P:Brain.ApiAI.MessageCallbacks.Result.Score">
            <summary>
            The Score.
            </summary>
        </member>
        <member name="T:Brain.ApiAI.MessageCallbacks.AIOutputContext">
            <summary>
            Type 'AIOutputContext'
            </summary>
        </member>
        <member name="P:Brain.ApiAI.MessageCallbacks.AIOutputContext.Name">
            <summary>
            The Name.
            </summary>
        </member>
        <member name="P:Brain.ApiAI.MessageCallbacks.AIOutputContext.Parameters">
            <summary>
            The Parameters.
            </summary>
        </member>
        <member name="P:Brain.ApiAI.MessageCallbacks.AIOutputContext.Lifespan">
            <summary>
            The Lifespan.
            </summary>
        </member>
        <member name="T:Brain.ApiAI.MessageCallbacks.Metadata">
            <summary>
            Type 'Metadata'
            </summary>
        </member>
        <member name="P:Brain.ApiAI.MessageCallbacks.Metadata.IntentName">
            <summary>
            The IntentName.
            </summary>
        </member>
        <member name="P:Brain.ApiAI.MessageCallbacks.Metadata.IntentId">
            <summary>
            The IntentId.
            </summary>
        </member>
        <member name="T:Brain.ApiAI.MessageCallbacks.Fulfillment">
            <summary>
            Type 'Fulfillment'
            </summary>
        </member>
        <member name="P:Brain.ApiAI.MessageCallbacks.Fulfillment.Speech">
            <summary>
            The Speech.
            </summary>
        </member>
        <member name="P:Brain.ApiAI.MessageCallbacks.Fulfillment.DisplayText">
            <summary>
            The DisplayText.
            </summary>
        </member>
        <member name="P:Brain.ApiAI.MessageCallbacks.Fulfillment.Source">
            <summary>
            The Source.
            </summary>
        </member>
        <member name="P:Brain.ApiAI.MessageCallbacks.Fulfillment.Data">
            <summary>
            The Data.
            </summary>
        </member>
        <member name="P:Brain.ApiAI.MessageCallbacks.Fulfillment.Messages">
            <summary>
            The Messages.
            </summary>
        </member>
        <member name="T:Brain.ApiAI.MessageCallbacks.Status">
            <summary>
            Type 'Status'
            </summary>
        </member>
        <member name="P:Brain.ApiAI.MessageCallbacks.Status.Code">
            <summary>
            The Code.
            </summary>
        </member>
        <member name="P:Brain.ApiAI.MessageCallbacks.Status.ErrorType">
            <summary>
            The ErrorType.
            </summary>
        </member>
        <member name="P:Brain.ApiAI.MessageCallbacks.Status.ErrorDetails">
            <summary>
            The ErrorDetails.
            </summary>
        </member>
        <member name="P:Brain.ApiAI.MessageCallbacks.Status.ErrorID">
            <summary>
            The ErrorID.
            </summary>
        </member>
        <member name="T:Brain.ApiAI.MessageCallbacks.ApiAIExtensions">
            <summary>
            Provides extension methods for the MessageScope to ApiAI
            </summary>
        </member>
        <member name="M:Brain.ApiAI.MessageCallbacks.ApiAIExtensions.ToApiAIScope(Constellation.MessageScope)">
            <summary>
            Create a ApiAIScope
            </summary>
            <param name="scope">The Constellation MessageScope</param>
        </member>
        <member name="M:Brain.ApiAI.MessageCallbacks.ApiAIExtensions.CreateApiAIScope(Brain.MyConstellation.Sentinels)">
            <summary>
            Create a ApiAIScope to all packages of the specified sentinel
            </summary>
            <param name="sentinel">The sentinel</param>
        </member>
        <member name="M:Brain.ApiAI.MessageCallbacks.ApiAIExtensions.CreateApiAIScope(Brain.MyConstellation.PackageInstances)">
            <summary>
            Create a ApiAIScope to a specific package
            </summary>
            <param name="package">The package</param>
        </member>
        <member name="M:Brain.ApiAI.MessageCallbacks.ApiAIExtensions.CreateApiAIScope(Brain.MyConstellation.Packages)">
            <summary>
            Create a ApiAIScope to a specific package
            </summary>
            <param name="package">The package</param>
        </member>
        <member name="T:Brain.ApiAI.MessageCallbacks.ApiAIScope">
            <summary>
            Represent a message scope to ApiAI
            </summary>
        </member>
        <member name="F:Brain.ApiAI.MessageCallbacks.ApiAIScope.currentScope">
            <summary>
            The current scope
            </summary>
        </member>
        <member name="M:Brain.ApiAI.MessageCallbacks.ApiAIScope.#ctor(Constellation.MessageScope)">
            <summary>
            Initializes a new instance of the <see cref="T:Brain.ApiAI.MessageCallbacks.ApiAIScope"/> class.
            </summary>
            <param name="scope">The scope.</param>
        </member>
        <member name="M:Brain.ApiAI.MessageCallbacks.ApiAIScope.TextRequest(System.String,System.Threading.CancellationToken,Constellation.Package.MessageContext@)">
            <summary>
            send your request.
            </summary>
            <param name="text">your request</param>
            <returns>Task of AIResponse</returns>
            <param name="cancellationToken">The CancellationToken that this task will observe.</param>		
            <param name="context">The MessageContext of the received message.</param>
        </member>
        <member name="M:Brain.ApiAI.MessageCallbacks.ApiAIScope.TextRequest(System.String,Constellation.Package.MessageContext@)">
            <summary>
            send your request.
            </summary>
            <param name="text">your request</param>
            <returns>Task of AIResponse</returns>
            <param name="context">The MessageContext of the received message.</param>
        </member>
        <member name="M:Brain.ApiAI.MessageCallbacks.ApiAIScope.TextRequest(System.String,System.Threading.CancellationToken)">
            <summary>
            send your request.
            </summary>
            <param name="text">your request</param>
            <returns>Task of AIResponse</returns>
            <param name="cancellationToken">The CancellationToken that this task will observe.</param>
        </member>
        <member name="M:Brain.ApiAI.MessageCallbacks.ApiAIScope.TextRequest(System.String)">
            <summary>
            send your request.
            </summary>
            <param name="text">your request</param>
            <returns>Task of AIResponse</returns>
        </member>
        <member name="T:Brain.Hue.StateObjects.Light">
            <summary>
            Compose a light command to send to a light 
            </summary>
        </member>
        <member name="P:Brain.Hue.StateObjects.Light.Id">
            <summary>
            The Id.
            </summary>
        </member>
        <member name="P:Brain.Hue.StateObjects.Light.State">
            <summary>
            The State.
            </summary>
        </member>
        <member name="P:Brain.Hue.StateObjects.Light.Type">
            <summary>
            The Type.
            </summary>
        </member>
        <member name="P:Brain.Hue.StateObjects.Light.Name">
            <summary>
            The Name.
            </summary>
        </member>
        <member name="P:Brain.Hue.StateObjects.Light.ModelId">
            <summary>
            The ModelId.
            </summary>
        </member>
        <member name="P:Brain.Hue.StateObjects.Light.UniqueId">
            <summary>
            Unique id of the device. The MAC address of the device with a unique endpoint id in the form: AA:BB:CC:DD:EE:FF:00:11-XX 
            </summary>
        </member>
        <member name="P:Brain.Hue.StateObjects.Light.SoftwareVersion">
            <summary>
            The SoftwareVersion.
            </summary>
        </member>
        <member name="P:Brain.Hue.StateObjects.Light.PointSymbol">
            <summary>
            The PointSymbol.
            </summary>
        </member>
        <member name="T:Brain.Hue.StateObjects.State">
            <summary>
            Type 'State'
            </summary>
        </member>
        <member name="P:Brain.Hue.StateObjects.State.On">
            <summary>
            The On.
            </summary>
        </member>
        <member name="P:Brain.Hue.StateObjects.State.Brightness">
            <summary>
            The Brightness.
            </summary>
        </member>
        <member name="P:Brain.Hue.StateObjects.State.Hue">
            <summary>
            The Hue.
            </summary>
        </member>
        <member name="P:Brain.Hue.StateObjects.State.Saturation">
            <summary>
            The Saturation.
            </summary>
        </member>
        <member name="P:Brain.Hue.StateObjects.State.ColorCoordinates">
            <summary>
            The ColorCoordinates.
            </summary>
        </member>
        <member name="P:Brain.Hue.StateObjects.State.ColorTemperature">
            <summary>
            The ColorTemperature.
            </summary>
        </member>
        <member name="P:Brain.Hue.StateObjects.State.Alert">
            <summary>
            The Alert.
            </summary>
        </member>
        <member name="P:Brain.Hue.StateObjects.State.Effect">
            <summary>
            The Effect.
            </summary>
        </member>
        <member name="P:Brain.Hue.StateObjects.State.ColorMode">
            <summary>
            The ColorMode.
            </summary>
        </member>
        <member name="P:Brain.Hue.StateObjects.State.IsReachable">
            <summary>
            The IsReachable.
            </summary>
        </member>
        <member name="T:Brain.Hue.StateObjects.BridgeConfig">
            <summary>
            Allowed properties to update the BridgeConfig 
            </summary>
        </member>
        <member name="P:Brain.Hue.StateObjects.BridgeConfig.Name">
            <summary>
            The Name.
            </summary>
        </member>
        <member name="P:Brain.Hue.StateObjects.BridgeConfig.MacAddress">
            <summary>
            The MacAddress.
            </summary>
        </member>
        <member name="P:Brain.Hue.StateObjects.BridgeConfig.Dhcp">
            <summary>
            The Dhcp.
            </summary>
        </member>
        <member name="P:Brain.Hue.StateObjects.BridgeConfig.IpAddress">
            <summary>
            The IpAddress.
            </summary>
        </member>
        <member name="P:Brain.Hue.StateObjects.BridgeConfig.NetMask">
            <summary>
            The NetMask.
            </summary>
        </member>
        <member name="P:Brain.Hue.StateObjects.BridgeConfig.Gateway">
            <summary>
            The Gateway.
            </summary>
        </member>
        <member name="P:Brain.Hue.StateObjects.BridgeConfig.ProxyAddress">
            <summary>
            The ProxyAddress.
            </summary>
        </member>
        <member name="P:Brain.Hue.StateObjects.BridgeConfig.ProxyPort">
            <summary>
            The ProxyPort.
            </summary>
        </member>
        <member name="P:Brain.Hue.StateObjects.BridgeConfig.Utc">
            <summary>
            The Utc.
            </summary>
        </member>
        <member name="P:Brain.Hue.StateObjects.BridgeConfig.SoftwareVersion">
            <summary>
            The SoftwareVersion.
            </summary>
        </member>
        <member name="P:Brain.Hue.StateObjects.BridgeConfig.SoftwareUpdate">
            <summary>
            The SoftwareUpdate.
            </summary>
        </member>
        <member name="P:Brain.Hue.StateObjects.BridgeConfig.WhiteList">
            <summary>
            The WhiteList.
            </summary>
        </member>
        <member name="P:Brain.Hue.StateObjects.BridgeConfig.LinkButton">
            <summary>
            The LinkButton.
            </summary>
        </member>
        <member name="P:Brain.Hue.StateObjects.BridgeConfig.PortalServices">
            <summary>
            The PortalServices.
            </summary>
        </member>
        <member name="P:Brain.Hue.StateObjects.BridgeConfig.PortalConnection">
            <summary>
            The PortalConnection.
            </summary>
        </member>
        <member name="P:Brain.Hue.StateObjects.BridgeConfig.ApiVersion">
            <summary>
            The ApiVersion.
            </summary>
        </member>
        <member name="P:Brain.Hue.StateObjects.BridgeConfig.LocalTime">
            <summary>
            The LocalTime.
            </summary>
        </member>
        <member name="P:Brain.Hue.StateObjects.BridgeConfig.TimeZone">
            <summary>
            The TimeZone.
            </summary>
        </member>
        <member name="P:Brain.Hue.StateObjects.BridgeConfig.PortalState">
            <summary>
            The PortalState.
            </summary>
        </member>
        <member name="P:Brain.Hue.StateObjects.BridgeConfig.ZigbeeChannel">
            <summary>
            The ZigbeeChannel.
            </summary>
        </member>
        <member name="T:Brain.Hue.StateObjects.SoftwareUpdate">
            <summary>
            Type 'SoftwareUpdate'
            </summary>
        </member>
        <member name="P:Brain.Hue.StateObjects.SoftwareUpdate.UpdateState">
            <summary>
            0 means there is no update at all.
                       1 means there is an update to download. The bridge will eventually download it by himself. 
                       2 means there is an update available to apply.
                       3 means apply/applying the update. 
                       http://www.everyhue.com/vanilla/discussion/484/firmware-update-triggering 
            </summary>
        </member>
        <member name="P:Brain.Hue.StateObjects.SoftwareUpdate.Url">
            <summary>
            The Url.
            </summary>
        </member>
        <member name="P:Brain.Hue.StateObjects.SoftwareUpdate.Text">
            <summary>
            The Text.
            </summary>
        </member>
        <member name="P:Brain.Hue.StateObjects.SoftwareUpdate.Notify">
            <summary>
            The Notify.
            </summary>
        </member>
        <member name="P:Brain.Hue.StateObjects.SoftwareUpdate.CheckForUpdate">
            <summary>
            Setting this flag to true lets the bridge search for software updates in the portal. After the search attempt, this flag is set back to false. Requires portal connection to update server 
            </summary>
        </member>
        <member name="T:Brain.Hue.StateObjects.WhiteList">
            <summary>
            Type 'WhiteList'
            </summary>
        </member>
        <member name="P:Brain.Hue.StateObjects.WhiteList.Id">
            <summary>
            The Id.
            </summary>
        </member>
        <member name="P:Brain.Hue.StateObjects.WhiteList.LastUsedDate">
            <summary>
            The LastUsedDate.
            </summary>
        </member>
        <member name="P:Brain.Hue.StateObjects.WhiteList.CreateDate">
            <summary>
            The CreateDate.
            </summary>
        </member>
        <member name="P:Brain.Hue.StateObjects.WhiteList.Name">
            <summary>
            The Name.
            </summary>
        </member>
        <member name="T:Brain.Hue.StateObjects.PortalState">
            <summary>
            Type 'PortalState'
            </summary>
        </member>
        <member name="P:Brain.Hue.StateObjects.PortalState.SignedOn">
            <summary>
            The SignedOn.
            </summary>
        </member>
        <member name="P:Brain.Hue.StateObjects.PortalState.Incoming">
            <summary>
            The Incoming.
            </summary>
        </member>
        <member name="P:Brain.Hue.StateObjects.PortalState.Outgoing">
            <summary>
            The Outgoing.
            </summary>
        </member>
        <member name="P:Brain.Hue.StateObjects.PortalState.Communication">
            <summary>
            The Communication.
            </summary>
        </member>
        <member name="T:Brain.Hue.StateObjects.Alert">
            <summary>
            Possible light alerts 
            </summary>
        </member>
        <member name="F:Brain.Hue.StateObjects.Alert.None">
            <summary>
            Stop alert 
            </summary>
        </member>
        <member name="F:Brain.Hue.StateObjects.Alert.Once">
            <summary>
            Alert once 
            </summary>
        </member>
        <member name="F:Brain.Hue.StateObjects.Alert.Multiple">
            <summary>
            Alert multiple times 
            </summary>
        </member>
        <member name="T:Brain.Hue.StateObjects.Effect">
            <summary>
            Possible light effects 
            </summary>
        </member>
        <member name="F:Brain.Hue.StateObjects.Effect.None">
            <summary>
            Stop current effect 
            </summary>
        </member>
        <member name="F:Brain.Hue.StateObjects.Effect.ColorLoop">
            <summary>
            Color loop 
            </summary>
        </member>
        <member name="T:Brain.Hue.StateObjects.HueExtensions">
            <summary>
            Provides extension methods for Hue's StateObjects
            </summary>
        </member>
        <member name="M:Brain.Hue.StateObjects.HueExtensions.AsHueLight(Constellation.StateObject)">
            <summary>
            Get StateObject value as Light
            </summary>
        </member>
        <member name="M:Brain.Hue.StateObjects.HueExtensions.AsHueLight(Constellation.Package.StateObjectNotifier)">
            <summary>
            Get StateObject value as Light
            </summary>
        </member>
        <member name="M:Brain.Hue.StateObjects.HueExtensions.AsHueState(Constellation.StateObject)">
            <summary>
            Get StateObject value as State
            </summary>
        </member>
        <member name="M:Brain.Hue.StateObjects.HueExtensions.AsHueState(Constellation.Package.StateObjectNotifier)">
            <summary>
            Get StateObject value as State
            </summary>
        </member>
        <member name="M:Brain.Hue.StateObjects.HueExtensions.AsHueBridgeConfig(Constellation.StateObject)">
            <summary>
            Get StateObject value as BridgeConfig
            </summary>
        </member>
        <member name="M:Brain.Hue.StateObjects.HueExtensions.AsHueBridgeConfig(Constellation.Package.StateObjectNotifier)">
            <summary>
            Get StateObject value as BridgeConfig
            </summary>
        </member>
        <member name="M:Brain.Hue.StateObjects.HueExtensions.AsHueSoftwareUpdate(Constellation.StateObject)">
            <summary>
            Get StateObject value as SoftwareUpdate
            </summary>
        </member>
        <member name="M:Brain.Hue.StateObjects.HueExtensions.AsHueSoftwareUpdate(Constellation.Package.StateObjectNotifier)">
            <summary>
            Get StateObject value as SoftwareUpdate
            </summary>
        </member>
        <member name="M:Brain.Hue.StateObjects.HueExtensions.AsHueWhiteList(Constellation.StateObject)">
            <summary>
            Get StateObject value as WhiteList
            </summary>
        </member>
        <member name="M:Brain.Hue.StateObjects.HueExtensions.AsHueWhiteList(Constellation.Package.StateObjectNotifier)">
            <summary>
            Get StateObject value as WhiteList
            </summary>
        </member>
        <member name="M:Brain.Hue.StateObjects.HueExtensions.AsHuePortalState(Constellation.StateObject)">
            <summary>
            Get StateObject value as PortalState
            </summary>
        </member>
        <member name="M:Brain.Hue.StateObjects.HueExtensions.AsHuePortalState(Constellation.Package.StateObjectNotifier)">
            <summary>
            Get StateObject value as PortalState
            </summary>
        </member>
        <member name="T:Brain.Hue.MessageCallbacks.LightCommand">
            <summary>
            Compose a light command to send to a light 
            </summary>
        </member>
        <member name="P:Brain.Hue.MessageCallbacks.LightCommand.ColorCoordinates">
            <summary>
            Gets or sets the colors based on CIE 1931 Color coordinates. 
            </summary>
        </member>
        <member name="P:Brain.Hue.MessageCallbacks.LightCommand.Brightness">
            <summary>
            Gets or sets the brightness 0-255. 
            </summary>
        </member>
        <member name="P:Brain.Hue.MessageCallbacks.LightCommand.Hue">
            <summary>
            Gets or sets the hue for Hue and P:Q42.HueApi.LightCommand.Saturation mode. 
            </summary>
        </member>
        <member name="P:Brain.Hue.MessageCallbacks.LightCommand.Saturation">
            <summary>
            Gets or sets the saturation for P:Q42.HueApi.LightCommand.Hue and Saturation mode. 
            </summary>
        </member>
        <member name="P:Brain.Hue.MessageCallbacks.LightCommand.ColorTemperature">
            <summary>
            Gets or sets the Color Temperature 
            </summary>
        </member>
        <member name="P:Brain.Hue.MessageCallbacks.LightCommand.On">
            <summary>
            Gets or sets whether the light is on. 
            </summary>
        </member>
        <member name="P:Brain.Hue.MessageCallbacks.LightCommand.Effect">
            <summary>
            Gets or sets the current effect for the light. 
            </summary>
        </member>
        <member name="P:Brain.Hue.MessageCallbacks.LightCommand.Alert">
            <summary>
            Gets or sets the current alert for the light. 
            </summary>
        </member>
        <member name="P:Brain.Hue.MessageCallbacks.LightCommand.TransitionTime">
            <summary>
            Gets or sets the transition time for the light. 
            </summary>
        </member>
        <member name="T:Brain.Hue.MessageCallbacks.Effect">
            <summary>
            Possible light effects 
            </summary>
        </member>
        <member name="F:Brain.Hue.MessageCallbacks.Effect.None">
            <summary>
            Stop current effect 
            </summary>
        </member>
        <member name="F:Brain.Hue.MessageCallbacks.Effect.ColorLoop">
            <summary>
            Color loop 
            </summary>
        </member>
        <member name="T:Brain.Hue.MessageCallbacks.Alert">
            <summary>
            Possible light alerts 
            </summary>
        </member>
        <member name="F:Brain.Hue.MessageCallbacks.Alert.None">
            <summary>
            Stop alert 
            </summary>
        </member>
        <member name="F:Brain.Hue.MessageCallbacks.Alert.Once">
            <summary>
            Alert once 
            </summary>
        </member>
        <member name="F:Brain.Hue.MessageCallbacks.Alert.Multiple">
            <summary>
            Alert multiple times 
            </summary>
        </member>
        <member name="T:Brain.Hue.MessageCallbacks.HueExtensions">
            <summary>
            Provides extension methods for the MessageScope to Hue
            </summary>
        </member>
        <member name="M:Brain.Hue.MessageCallbacks.HueExtensions.ToHueScope(Constellation.MessageScope)">
            <summary>
            Create a HueScope
            </summary>
            <param name="scope">The Constellation MessageScope</param>
        </member>
        <member name="M:Brain.Hue.MessageCallbacks.HueExtensions.CreateHueScope(Brain.MyConstellation.Sentinels)">
            <summary>
            Create a HueScope to all packages of the specified sentinel
            </summary>
            <param name="sentinel">The sentinel</param>
        </member>
        <member name="M:Brain.Hue.MessageCallbacks.HueExtensions.CreateHueScope(Brain.MyConstellation.PackageInstances)">
            <summary>
            Create a HueScope to a specific package
            </summary>
            <param name="package">The package</param>
        </member>
        <member name="M:Brain.Hue.MessageCallbacks.HueExtensions.CreateHueScope(Brain.MyConstellation.Packages)">
            <summary>
            Create a HueScope to a specific package
            </summary>
            <param name="package">The package</param>
        </member>
        <member name="T:Brain.Hue.MessageCallbacks.HueScope">
            <summary>
            Represent a message scope to Hue
            </summary>
        </member>
        <member name="F:Brain.Hue.MessageCallbacks.HueScope.currentScope">
            <summary>
            The current scope
            </summary>
        </member>
        <member name="M:Brain.Hue.MessageCallbacks.HueScope.#ctor(Constellation.MessageScope)">
            <summary>
            Initializes a new instance of the <see cref="T:Brain.Hue.MessageCallbacks.HueScope"/> class.
            </summary>
            <param name="scope">The scope.</param>
        </member>
        <member name="M:Brain.Hue.MessageCallbacks.HueScope.SetState(System.Int32,System.Boolean)">
            <summary>
            Sets the state.
            </summary>
            <param name="lightId">The light identifier.</param>
            <param name="state">if set to true [state].</param>
        </member>
        <member name="M:Brain.Hue.MessageCallbacks.HueScope.SetColor(System.Int32,System.Int32,System.Int32,System.Int32)">
            <summary>
            Sets the color.
            </summary>
            <param name="lightId">The light identifier.</param>
            <param name="r">The r.</param>
            <param name="g">The g.</param>
            <param name="b">The b.</param>
        </member>
        <member name="M:Brain.Hue.MessageCallbacks.HueScope.Set(System.Int32,System.Boolean,System.Int32,System.Int32,System.Int32)">
            <summary>
            Sets the state.
            </summary>
            <param name="lightId">The light identifier.</param>
            <param name="state">if set to true [state].</param>
            <param name="hue">The hue.</param>
            <param name="saturation">The saturation.</param>
            <param name="bri">The bri.</param>
        </member>
        <member name="M:Brain.Hue.MessageCallbacks.HueScope.SetBrightness(System.Int32,System.Int32)">
            <summary>
            Sets the brightness.
            </summary>
            <param name="lightId">The light identifier.</param>
            <param name="brightness">The brightness.</param>
        </member>
        <member name="M:Brain.Hue.MessageCallbacks.HueScope.ShowAlert(System.Int32,System.Int32,System.Int32,System.Int32,System.Int32)">
            <summary>
            Shows the alert.
            </summary>
            <param name="lightId">The light identifier.</param>
            <param name="r">The r.</param>
            <param name="g">The g.</param>
            <param name="b">The b.</param>
            <param name="duration">The duration.</param>
        </member>
        <member name="M:Brain.Hue.MessageCallbacks.HueScope.SetCommandToAll(Brain.Hue.MessageCallbacks.LightCommand)">
            <summary>
            Sets the command to all.
            </summary>
            <param name="command">The command.</param>
        </member>
        <member name="M:Brain.Hue.MessageCallbacks.HueScope.SendCommandTo(Brain.Hue.MessageCallbacks.LightCommand,System.Collections.Generic.IEnumerable{System.String})">
            <summary>
            Sends the command to a list of lights.
            </summary>
            <param name="command">The command.</param>
            <param name="lightList">The light list.</param>
        </member>
        <member name="T:Brain.WindowsControl.StateObjects.WindowsControlStateObjectNames">
            <summary>
            Specifies the know StateObjects for the package WindowsControl
            </summary>
        </member>
        <member name="F:Brain.WindowsControl.StateObjects.WindowsControlStateObjectNames.SessionLocked">
            <summary>
            StateObject 'SessionLocked'
            </summary>
        </member>
        <member name="T:Brain.WindowsControl.StateObjects.WindowsControlStateObjectNamesExtension">
            <summary>
            Provides extension methods to get the real name of a WindowsControlStateObjectNames.
            </summary>
        </member>
        <member name="M:Brain.WindowsControl.StateObjects.WindowsControlStateObjectNamesExtension.GetRealName(Brain.WindowsControl.StateObjects.WindowsControlStateObjectNames)">
            <summary>
            Gets the real name of a WindowsControl's StateObject.
            </summary>
            <param name="stateObjectName">The WindowsControl 's StateObject.</param>
            <returns>The real name.</returns>
        </member>
        <member name="T:Brain.WindowsControl.StateObjects.WindowsControlStateObjectLinkAttribute">
            <summary>
             Specifies that the property is attach to WindowsControl's StateObject.
            </summary>
            <seealso cref="T:Constellation.Package.StateObjectLinkAttribute" />
        </member>
        <member name="M:Brain.WindowsControl.StateObjects.WindowsControlStateObjectLinkAttribute.#ctor">
            <summary>
            Initializes a new instance of the <see cref="T:Brain.WindowsControl.StateObjects.WindowsControlStateObjectLinkAttribute"/> class.
            </summary>
        </member>
        <member name="M:Brain.WindowsControl.StateObjects.WindowsControlStateObjectLinkAttribute.#ctor(Brain.MyConstellation.Sentinels)">
            <summary>
            Initializes a new instance of the <see cref="T:Brain.WindowsControl.StateObjects.WindowsControlStateObjectLinkAttribute"/> class.
            </summary>
            <param name="sentinel">The sentinel.</param>
        </member>
        <member name="M:Brain.WindowsControl.StateObjects.WindowsControlStateObjectLinkAttribute.#ctor(Brain.WindowsControl.StateObjects.WindowsControlStateObjectNames)">
            <summary>
            Initializes a new instance of the <see cref="T:Brain.WindowsControl.StateObjects.WindowsControlStateObjectLinkAttribute"/> class.
            </summary>
            <param name="name">The StateObject name.</param>
        </member>
        <member name="M:Brain.WindowsControl.StateObjects.WindowsControlStateObjectLinkAttribute.#ctor(Brain.MyConstellation.Sentinels,Brain.WindowsControl.StateObjects.WindowsControlStateObjectNames)">
            <summary>
            Initializes a new instance of the <see cref="T:Brain.WindowsControl.StateObjects.WindowsControlStateObjectLinkAttribute"/> class.
            </summary>
            <param name="sentinel">The sentinel.</param>
            <param name="name">The StateObject name.</param>
        </member>
        <member name="M:Brain.WindowsControl.StateObjects.WindowsControlStateObjectLinkAttribute.#ctor(Brain.MyConstellation.Sentinels,Brain.WindowsControl.StateObjects.WindowsControlStateObjectNames,System.String)">
            <summary>
            Initializes a new instance of the <see cref="T:Brain.WindowsControl.StateObjects.WindowsControlStateObjectLinkAttribute"/> class.
            </summary>
            <param name="sentinel">The sentinel.</param>
            <param name="name">The StateObject name.</param>
            <param name="type">The StateObject type.</param>
        </member>
        <member name="T:Brain.WindowsControl.MessageCallbacks.WindowsControlExtensions">
            <summary>
            Provides extension methods for the MessageScope to WindowsControl
            </summary>
        </member>
        <member name="M:Brain.WindowsControl.MessageCallbacks.WindowsControlExtensions.ToWindowsControlScope(Constellation.MessageScope)">
            <summary>
            Create a WindowsControlScope
            </summary>
            <param name="scope">The Constellation MessageScope</param>
        </member>
        <member name="M:Brain.WindowsControl.MessageCallbacks.WindowsControlExtensions.CreateWindowsControlScope(Brain.MyConstellation.Sentinels)">
            <summary>
            Create a WindowsControlScope to all packages of the specified sentinel
            </summary>
            <param name="sentinel">The sentinel</param>
        </member>
        <member name="M:Brain.WindowsControl.MessageCallbacks.WindowsControlExtensions.CreateWindowsControlScope(Brain.MyConstellation.PackageInstances)">
            <summary>
            Create a WindowsControlScope to a specific package
            </summary>
            <param name="package">The package</param>
        </member>
        <member name="M:Brain.WindowsControl.MessageCallbacks.WindowsControlExtensions.CreateWindowsControlScope(Brain.MyConstellation.Packages)">
            <summary>
            Create a WindowsControlScope to a specific package
            </summary>
            <param name="package">The package</param>
        </member>
        <member name="T:Brain.WindowsControl.MessageCallbacks.WindowsControlScope">
            <summary>
            Represent a message scope to WindowsControl
            </summary>
        </member>
        <member name="F:Brain.WindowsControl.MessageCallbacks.WindowsControlScope.currentScope">
            <summary>
            The current scope
            </summary>
        </member>
        <member name="M:Brain.WindowsControl.MessageCallbacks.WindowsControlScope.#ctor(Constellation.MessageScope)">
            <summary>
            Initializes a new instance of the <see cref="T:Brain.WindowsControl.MessageCallbacks.WindowsControlScope"/> class.
            </summary>
            <param name="scope">The scope.</param>
        </member>
        <member name="M:Brain.WindowsControl.MessageCallbacks.WindowsControlScope.LogoffSession">
            <summary>
            Logoff the current session.
            </summary>
        </member>
        <member name="M:Brain.WindowsControl.MessageCallbacks.WindowsControlScope.LockWorkStation">
            <summary>
            Locks the work station.
            </summary>
        </member>
        <member name="M:Brain.WindowsControl.MessageCallbacks.WindowsControlScope.Shutdown">
            <summary>
            Shutdowns the work station.
            </summary>
        </member>
        <member name="M:Brain.WindowsControl.MessageCallbacks.WindowsControlScope.Reboot">
            <summary>
            Reboots the work station.
            </summary>
        </member>
        <member name="M:Brain.WindowsControl.MessageCallbacks.WindowsControlScope.Sleep">
            <summary>
            Sleeps the work station.
            </summary>
        </member>
        <member name="M:Brain.WindowsControl.MessageCallbacks.WindowsControlScope.Hibernate">
            <summary>
            Hibernates the work station.
            </summary>
        </member>
        <member name="M:Brain.WindowsControl.MessageCallbacks.WindowsControlScope.Mute">
            <summary>
            Mute/Unmute volume.
            </summary>
        </member>
        <member name="M:Brain.WindowsControl.MessageCallbacks.WindowsControlScope.VolumeUp">
            <summary>
            Increase volume.
            </summary>
        </member>
        <member name="M:Brain.WindowsControl.MessageCallbacks.WindowsControlScope.VolumeDown">
            <summary>
            Decrease volume.
            </summary>
        </member>
        <member name="M:Brain.WindowsControl.MessageCallbacks.WindowsControlScope.SetBrightness(System.Int32)">
            <summary>
            Sets the brightness.
            </summary>
            <param name="targetBrightness">The target brightness.</param>
        </member>
        <member name="M:Brain.WindowsControl.MessageCallbacks.WindowsControlScope.BrightnessUp">
            <summary>
            Increase Brightness.
            </summary>
        </member>
        <member name="M:Brain.WindowsControl.MessageCallbacks.WindowsControlScope.BrightnessDown">
            <summary>
            Decrease Brightness.
            </summary>
        </member>
        <!-- Commentaire XML incorrect pour le membre "T:Brain.TheProgram" -->
        <member name="M:Brain.TheProgram.TextRequest(System.String)">
            <summary>
            Send your request to API.ai. Return the api client response and use ActionChoice
            </summary>
            <param name="sentence">Your oral request.</param>
            <returns></returns>
        </member>
        <member name="M:Brain.TheProgram.ActionChoice(Brain.ApiAI.MessageCallbacks.AIResponse)">
            <summary>
            Your connected devices code here. Some examples below.
            </summary>
            <param name="response">The response.</param>
        </member>
    </members>
</doc>
